권역,권역명,철도운영기관명,노선명,순번,역명
01,수도권,공항철도주식회사,공항,1,서울역
01,수도권,공항철도주식회사,공항,2,공덕
01,수도권,공항철도주식회사,공항,3,홍대입구
01,수도권,공항철도주식회사,공항,4,디지털미디어시티
01,수도권,공항철도주식회사,공항,5,마곡나루
01,수도권,공항철도주식회사,공항,6,김포공항
01,수도권,공항철도주식회사,공항,7,계양
01,수도권,공항철도주식회사,공항,8,검암
01,수도권,공항철도주식회사,공항,9,청라국제도시
01,수도권,공항철도주식회사,공항,10,영종
01,수도권,공항철도주식회사,공항,11,운서
01,수도권,공항철도주식회사,공항,12,공항화물청사
01,수도권,공항철도주식회사,공항,13,인천공항1터미널
01,수도권,공항철도주식회사,공항,14,인천공항2터미널
02,부산,부산김해경전철주식회사,부산김해경전철,1,사상(서부터미널)
02,부산,부산김해경전철주식회사,부산김해경전철,2,괘법르네시떼(강변공원)
02,부산,부산김해경전철주식회사,부산김해경전철,3,서부산유통지구(금호마을)
02,부산,부산김해경전철주식회사,부산김해경전철,4,공항
02,부산,부산김해경전철주식회사,부산김해경전철,5,덕두
02,부산,부산김해경전철주식회사,부산김해경전철,6,등구
02,부산,부산김해경전철주식회사,부산김해경전철,7,대저
02,부산,부산김해경전철주식회사,부산김해경전철,8,평강
02,부산,부산김해경전철주식회사,부산김해경전철,9,대사
02,부산,부산김해경전철주식회사,부산김해경전철,10,불암
02,부산,부산김해경전철주식회사,부산김해경전철,11,지내
02,부산,부산김해경전철주식회사,부산김해경전철,12,김해대학(안동)
02,부산,부산김해경전철주식회사,부산김해경전철,13,인제대(활천)
02,부산,부산김해경전철주식회사,부산김해경전철,14,김해시청
02,부산,부산김해경전철주식회사,부산김해경전철,15,부원
02,부산,부산김해경전철주식회사,부산김해경전철,16,봉황(김해여객터미널)
02,부산,부산김해경전철주식회사,부산김해경전철,17,수로왕릉(김해보건소)
02,부산,부산김해경전철주식회사,부산김해경전철,18,박물관
02,부산,부산김해경전철주식회사,부산김해경전철,19,연지공원
02,부산,부산김해경전철주식회사,부산김해경전철,20,장신대(화정)
02,부산,부산김해경전철주식회사,부산김해경전철,21,가야대(삼계)
02,부산,부산교통공사,1호선,1,다대포해수욕장
02,부산,부산교통공사,1호선,2,다대포항
02,부산,부산교통공사,1호선,3,낫개
02,부산,부산교통공사,1호선,4,신장림
02,부산,부산교통공사,1호선,5,장림
02,부산,부산교통공사,1호선,6,동매
02,부산,부산교통공사,1호선,7,신평
02,부산,부산교통공사,1호선,8,하단(부산본병원)
02,부산,부산교통공사,1호선,9,당리(사하구청)
02,부산,부산교통공사,1호선,10,사하
02,부산,부산교통공사,1호선,11,괴정
02,부산,부산교통공사,1호선,12,대티(동주대학)
02,부산,부산교통공사,1호선,13,서대신
02,부산,부산교통공사,1호선,14,동대신
02,부산,부산교통공사,1호선,15,토성
02,부산,부산교통공사,1호선,16,자갈치
02,부산,부산교통공사,1호선,17,남포
02,부산,부산교통공사,1호선,18,중앙
02,부산,부산교통공사,1호선,19,부산
02,부산,부산교통공사,1호선,20,초량
02,부산,부산교통공사,1호선,21,부산진
02,부산,부산교통공사,1호선,22,좌천
02,부산,부산교통공사,1호선,23,범일
02,부산,부산교통공사,1호선,24,범내골
02,부산,부산교통공사,1호선,25,서면
02,부산,부산교통공사,1호선,26,부전(부산시민공원.송상현광장)
02,부산,부산교통공사,1호선,27,양정
02,부산,부산교통공사,1호선,28,시청(연제)
02,부산,부산교통공사,1호선,29,연산
02,부산,부산교통공사,1호선,30,교대
02,부산,부산교통공사,1호선,31,동래
02,부산,부산교통공사,1호선,32,명륜
02,부산,부산교통공사,1호선,33,온천장
02,부산,부산교통공사,1호선,34,부산대
02,부산,부산교통공사,1호선,35,장전(부산가톨릭대학교)
02,부산,부산교통공사,1호선,36,구서
02,부산,부산교통공사,1호선,37,두실
02,부산,부산교통공사,1호선,38,남산(부산외국대학교)
02,부산,부산교통공사,1호선,39,범어사
02,부산,부산교통공사,1호선,40,노포(종합버스터미널)
02,부산,부산교통공사,2호선,1,장산(해운대백병원)
02,부산,부산교통공사,2호선,2,중동
02,부산,부산교통공사,2호선,3,해운대
02,부산,부산교통공사,2호선,4,동백
02,부산,부산교통공사,2호선,5,벡스코(시립미술관)
02,부산,부산교통공사,2호선,6,센텀시티(BEXCO.신세계)
02,부산,부산교통공사,2호선,7,민락
02,부산,부산교통공사,2호선,8,수영
02,부산,부산교통공사,2호선,9,광안
02,부산,부산교통공사,2호선,10,금련산
02,부산,부산교통공사,2호선,11,남천(KBS.수영구청)
02,부산,부산교통공사,2호선,12,경성대.부경대(동명대학교)
02,부산,부산교통공사,2호선,13,대연(고려병원)
02,부산,부산교통공사,2호선,14,못골(남구청)
02,부산,부산교통공사,2호선,15,지게골
02,부산,부산교통공사,2호선,16,문현
02,부산,부산교통공사,2호선,17,국제금융센터.부산은행
02,부산,부산교통공사,2호선,18,전포
02,부산,부산교통공사,2호선,19,서면
02,부산,부산교통공사,2호선,20,부암(온종합병원)
02,부산,부산교통공사,2호선,21,가야
02,부산,부산교통공사,2호선,22,동의대
02,부산,부산교통공사,2호선,23,개금
02,부산,부산교통공사,2호선,24,냉정
02,부산,부산교통공사,2호선,25,주례
02,부산,부산교통공사,2호선,26,감전(사상구청)
02,부산,부산교통공사,2호선,27,사상(서부터미널)
02,부산,부산교통공사,2호선,28,덕포
02,부산,부산교통공사,2호선,29,모덕
02,부산,부산교통공사,2호선,30,모라
02,부산,부산교통공사,2호선,31,구남
02,부산,부산교통공사,2호선,32,구명
02,부산,부산교통공사,2호선,33,덕천(부산과기대)
02,부산,부산교통공사,2호선,34,수정(방송통신대)
02,부산,부산교통공사,2호선,35,화명
02,부산,부산교통공사,2호선,36,율리
02,부산,부산교통공사,2호선,37,동원
02,부산,부산교통공사,2호선,38,금곡
02,부산,부산교통공사,2호선,39,호포
02,부산,부산교통공사,2호선,40,증산
02,부산,부산교통공사,2호선,41,부산대양산캠퍼스
02,부산,부산교통공사,2호선,42,남양산(범어)
02,부산,부산교통공사,2호선,43,양산(시청.동원과학기술대학교)
02,부산,부산교통공사,3호선,1,수영
02,부산,부산교통공사,3호선,2,망미(병무청)
02,부산,부산교통공사,3호선,3,배산
02,부산,부산교통공사,3호선,4,물만골
02,부산,부산교통공사,3호선,5,연산
02,부산,부산교통공사,3호선,6,거제(법원.검찰청)
02,부산,부산교통공사,3호선,7,종합운동장
02,부산,부산교통공사,3호선,8,사직
02,부산,부산교통공사,3호선,9,미남
02,부산,부산교통공사,3호선,10,만덕
02,부산,부산교통공사,3호선,11,남산정(부산폴리텍대학)
02,부산,부산교통공사,3호선,12,숙등(부민병원)
02,부산,부산교통공사,3호선,13,덕천(부산과기대)
02,부산,부산교통공사,3호선,14,구포
02,부산,부산교통공사,3호선,15,강서구청
02,부산,부산교통공사,3호선,16,체육공원
02,부산,부산교통공사,3호선,17,대저
02,부산,부산교통공사,4호선,1,미남
02,부산,부산교통공사,4호선,2,동래
02,부산,부산교통공사,4호선,3,수안
02,부산,부산교통공사,4호선,4,낙민
02,부산,부산교통공사,4호선,5,충렬사(안락)
02,부산,부산교통공사,4호선,6,명장
02,부산,부산교통공사,4호선,7,서동
02,부산,부산교통공사,4호선,8,금사
02,부산,부산교통공사,4호선,9,반여농산물시장
02,부산,부산교통공사,4호선,10,석대
02,부산,부산교통공사,4호선,11,영산대(아랫반송)
02,부산,부산교통공사,4호선,12,윗반송
02,부산,부산교통공사,4호선,13,고촌
02,부산,부산교통공사,4호선,14,안평(고촌주택단지)
03,대구,대구교통공사,1호선,1,설화명곡
03,대구,대구교통공사,1호선,2,화원
03,대구,대구교통공사,1호선,3,대곡(정부대구청사)
03,대구,대구교통공사,1호선,4,진천
03,대구,대구교통공사,1호선,5,월배
03,대구,대구교통공사,1호선,6,상인
03,대구,대구교통공사,1호선,7,월촌
03,대구,대구교통공사,1호선,8,송현
03,대구,대구교통공사,1호선,9,서부정류장(관문시장)
03,대구,대구교통공사,1호선,10,대명
03,대구,대구교통공사,1호선,11,안지랑
03,대구,대구교통공사,1호선,12,현충로
03,대구,대구교통공사,1호선,13,영대병원
03,대구,대구교통공사,1호선,14,교대
03,대구,대구교통공사,1호선,15,명덕(2.28민주운동기념회관)
03,대구,대구교통공사,1호선,16,반월당
03,대구,대구교통공사,1호선,17,중앙로
03,대구,대구교통공사,1호선,18,대구역
03,대구,대구교통공사,1호선,19,칠성시장
03,대구,대구교통공사,1호선,20,신천(경북대입구)
03,대구,대구교통공사,1호선,21,동대구역
03,대구,대구교통공사,1호선,22,동구청(큰고개)
03,대구,대구교통공사,1호선,23,아양교
03,대구,대구교통공사,1호선,24,동촌
03,대구,대구교통공사,1호선,25,해안
03,대구,대구교통공사,1호선,26,방촌
03,대구,대구교통공사,1호선,27,용계
03,대구,대구교통공사,1호선,28,율하
03,대구,대구교통공사,1호선,29,신기
03,대구,대구교통공사,1호선,30,반야월
03,대구,대구교통공사,1호선,31,각산
03,대구,대구교통공사,1호선,32,안심(혁신도시.첨복단지)
03,대구,대구교통공사,1호선,33,대구한의대병원
03,대구,대구교통공사,1호선,34,부호
03,대구,대구교통공사,1호선,35,하양
03,대구,대구교통공사,2호선,1,문양
03,대구,대구교통공사,2호선,2,다사
03,대구,대구교통공사,2호선,3,대실
03,대구,대구교통공사,2호선,4,강창
03,대구,대구교통공사,2호선,5,계명대
03,대구,대구교통공사,2호선,6,성서산업단지
03,대구,대구교통공사,2호선,7,이곡
03,대구,대구교통공사,2호선,8,용산(서부법원.검찰청입구)
03,대구,대구교통공사,2호선,9,죽전
03,대구,대구교통공사,2호선,10,감삼
03,대구,대구교통공사,2호선,11,두류
03,대구,대구교통공사,2호선,12,내당
03,대구,대구교통공사,2호선,13,반고개
03,대구,대구교통공사,2호선,14,청라언덕
03,대구,대구교통공사,2호선,15,반월당
03,대구,대구교통공사,2호선,16,경대병원
03,대구,대구교통공사,2호선,17,대구은행
03,대구,대구교통공사,2호선,18,범어
03,대구,대구교통공사,2호선,19,수성구청(KBS)
03,대구,대구교통공사,2호선,20,만촌
03,대구,대구교통공사,2호선,21,담티(산대.대륜)
03,대구,대구교통공사,2호선,22,연호
03,대구,대구교통공사,2호선,23,수성알파시티(삼성라이온즈파크)
03,대구,대구교통공사,2호선,24,고산
03,대구,대구교통공사,2호선,25,신매
03,대구,대구교통공사,2호선,26,사월
03,대구,대구교통공사,2호선,27,정평
03,대구,대구교통공사,2호선,28,임당
03,대구,대구교통공사,2호선,29,영남대
03,대구,대구교통공사,3호선,1,칠곡경대병원
03,대구,대구교통공사,3호선,2,학정
03,대구,대구교통공사,3호선,3,팔거(국립농관원.통계청)
03,대구,대구교통공사,3호선,4,동천
03,대구,대구교통공사,3호선,5,칠곡운암
03,대구,대구교통공사,3호선,6,구암
03,대구,대구교통공사,3호선,7,태전
03,대구,대구교통공사,3호선,8,매천
03,대구,대구교통공사,3호선,9,매천시장
03,대구,대구교통공사,3호선,10,팔달
03,대구,대구교통공사,3호선,11,공단
03,대구,대구교통공사,3호선,12,만평
03,대구,대구교통공사,3호선,13,팔달시장
03,대구,대구교통공사,3호선,14,원대
03,대구,대구교통공사,3호선,15,북구청
03,대구,대구교통공사,3호선,16,달성공원
03,대구,대구교통공사,3호선,17,서문시장(동산병원)
03,대구,대구교통공사,3호선,18,청라언덕
03,대구,대구교통공사,3호선,19,남산
03,대구,대구교통공사,3호선,20,명덕(2.28민주운동기념회관)
03,대구,대구교통공사,3호선,21,건들바위
03,대구,대구교통공사,3호선,22,대봉교
03,대구,대구교통공사,3호선,23,수성시장
03,대구,대구교통공사,3호선,24,수성구민운동장
03,대구,대구교통공사,3호선,25,어린이세상
03,대구,대구교통공사,3호선,26,황금
03,대구,대구교통공사,3호선,27,수성못(TBC)
03,대구,대구교통공사,3호선,28,지산
03,대구,대구교통공사,3호선,29,범물
03,대구,대구교통공사,3호선,30,용지
05,대전,대전교통공사,1호선,1,판암(대전대)
05,대전,대전교통공사,1호선,2,신흥
05,대전,대전교통공사,1호선,3,대동(우송대)
05,대전,대전교통공사,1호선,4,대전
05,대전,대전교통공사,1호선,5,중앙로
05,대전,대전교통공사,1호선,6,중구청
05,대전,대전교통공사,1호선,7,서대전네거리
05,대전,대전교통공사,1호선,8,오룡
05,대전,대전교통공사,1호선,9,용문
05,대전,대전교통공사,1호선,10,탄방
05,대전,대전교통공사,1호선,11,시청
05,대전,대전교통공사,1호선,12,정부청사
05,대전,대전교통공사,1호선,13,갈마
05,대전,대전교통공사,1호선,14,월평(한국과학기술원)
05,대전,대전교통공사,1호선,15,갑천
05,대전,대전교통공사,1호선,16,유성온천(충남대.목원대)
05,대전,대전교통공사,1호선,17,구암
05,대전,대전교통공사,1호선,18,현충원(한밭대)
05,대전,대전교통공사,1호선,19,월드컵경기장(노은도매시장)
05,대전,대전교통공사,1호선,20,노은
05,대전,대전교통공사,1호선,21,지족(침신대)
05,대전,대전교통공사,1호선,22,반석(칠성대)
01,수도권,네오트랜스주식회사,신분당,1,신사
01,수도권,네오트랜스주식회사,신분당,2,논현
01,수도권,네오트랜스주식회사,신분당,3,신논현
01,수도권,네오트랜스주식회사,신분당,4,강남
01,수도권,네오트랜스주식회사,신분당,5,양재(서초구청)
01,수도권,네오트랜스주식회사,신분당,6,양재시민의숲(매헌)
01,수도권,네오트랜스주식회사,신분당,7,청계산입구
01,수도권,네오트랜스주식회사,신분당,8,판교(판교테크노밸리)
01,수도권,네오트랜스주식회사,신분당,9,정자
01,수도권,네오트랜스주식회사,신분당,10,미금(분당서울대병원)
01,수도권,네오트랜스주식회사,신분당,11,동천
01,수도권,네오트랜스주식회사,신분당,12,수지구청
01,수도권,네오트랜스주식회사,신분당,13,성복
01,수도권,네오트랜스주식회사,신분당,14,상현
01,수도권,네오트랜스주식회사,신분당,15,광교중앙(아주대)
01,수도권,네오트랜스주식회사,신분당,16,광교(경기대)
01,수도권,용인경량전철주식회사,에버라인,1,기흥(백남준아트센터)
01,수도권,용인경량전철주식회사,에버라인,2,강남대
01,수도권,용인경량전철주식회사,에버라인,3,지석
01,수도권,용인경량전철주식회사,에버라인,4,어정
01,수도권,용인경량전철주식회사,에버라인,5,동백
01,수도권,용인경량전철주식회사,에버라인,6,초당
01,수도권,용인경량전철주식회사,에버라인,7,삼가
01,수도권,용인경량전철주식회사,에버라인,8,시청.용인대
01,수도권,용인경량전철주식회사,에버라인,9,명지대
01,수도권,용인경량전철주식회사,에버라인,10,김량장
01,수도권,용인경량전철주식회사,에버라인,11,운동장.송담대
01,수도권,용인경량전철주식회사,에버라인,12,고진
01,수도권,용인경량전철주식회사,에버라인,13,보평
01,수도권,용인경량전철주식회사,에버라인,14,둔전
01,수도권,용인경량전철주식회사,에버라인,15,전대.에버랜드
04,광주,광주교통공사,1호선,1,녹동
04,광주,광주교통공사,1호선,2,소태
04,광주,광주교통공사,1호선,3,학동증심사입구
04,광주,광주교통공사,1호선,4,남광주
04,광주,광주교통공사,1호선,5,문화전당
04,광주,광주교통공사,1호선,6,금남로4가
04,광주,광주교통공사,1호선,7,금남로5가
04,광주,광주교통공사,1호선,8,양동시장
04,광주,광주교통공사,1호선,9,돌고개
04,광주,광주교통공사,1호선,10,농성
04,광주,광주교통공사,1호선,11,화정
04,광주,광주교통공사,1호선,12,쌍촌
04,광주,광주교통공사,1호선,13,운천
04,광주,광주교통공사,1호선,14,상무
04,광주,광주교통공사,1호선,15,김대중컨벤션센터
04,광주,광주교통공사,1호선,16,공항
04,광주,광주교통공사,1호선,17,송정공원
04,광주,광주교통공사,1호선,18,광주송정역
04,광주,광주교통공사,1호선,19,도산
04,광주,광주교통공사,1호선,20,평동
01,수도권,김포골드라인운영주식회사,김포골드라인,1,양촌
01,수도권,김포골드라인운영주식회사,김포골드라인,2,구래
01,수도권,김포골드라인운영주식회사,김포골드라인,3,마산
01,수도권,김포골드라인운영주식회사,김포골드라인,4,장기
01,수도권,김포골드라인운영주식회사,김포골드라인,5,운양
01,수도권,김포골드라인운영주식회사,김포골드라인,6,걸포북변
01,수도권,김포골드라인운영주식회사,김포골드라인,7,사우(김포시청)
01,수도권,김포골드라인운영주식회사,김포골드라인,8,풍무
01,수도권,김포골드라인운영주식회사,김포골드라인,9,고촌
01,수도권,김포골드라인운영주식회사,김포골드라인,10,김포공항
01,수도권,구리도시공사,8호선,3,동구릉
01,수도권,구리도시공사,8호선,4,구리
01,수도권,구리도시공사,8호선,5,장자호수공원
01,수도권,지티엑스에이운영,GTX-A,1,수서
01,수도권,지티엑스에이운영,GTX-A,2,성남
01,수도권,지티엑스에이운영,GTX-A,3,구성
01,수도권,지티엑스에이운영,GTX-A,5,서울역
01,수도권,지티엑스에이운영,GTX-A,6,연신내
01,수도권,지티엑스에이운영,GTX-A,7,대곡
01,수도권,지티엑스에이운영,GTX-A,8,킨텍스
01,수도권,지티엑스에이운영,GTX-A,9,운정중앙
01,수도권,인천국제공항공사,자기부상,1,인천공항1터미널
01,수도권,인천국제공항공사,자기부상,2,장기주차장
01,수도권,인천국제공항공사,자기부상,3,합동청사
01,수도권,인천국제공항공사,자기부상,4,파라다이스시티
01,수도권,인천국제공항공사,자기부상,5,워터파크
01,수도권,인천국제공항공사,자기부상,6,용유
01,수도권,인천교통공사,7호선,43,까치울
01,수도권,인천교통공사,7호선,44,부천종합운동장
01,수도권,인천교통공사,7호선,45,춘의
01,수도권,인천교통공사,7호선,46,신중동
01,수도권,인천교통공사,7호선,47,부천시청
01,수도권,인천교통공사,7호선,48,상동
01,수도권,인천교통공사,7호선,49,삼산체육관
01,수도권,인천교통공사,7호선,50,굴포천
01,수도권,인천교통공사,7호선,51,부평구청
01,수도권,인천교통공사,7호선,52,산곡
01,수도권,인천교통공사,7호선,53,석남(거북시장)
01,수도권,인천교통공사,인천1호선,11,계양
01,수도권,인천교통공사,인천1호선,12,귤현
01,수도권,인천교통공사,인천1호선,13,박촌
01,수도권,인천교통공사,인천1호선,14,임학
01,수도권,인천교통공사,인천1호선,15,계산
01,수도권,인천교통공사,인천1호선,16,경인교대입구
01,수도권,인천교통공사,인천1호선,17,작전
01,수도권,인천교통공사,인천1호선,18,갈산
01,수도권,인천교통공사,인천1호선,19,부평구청
01,수도권,인천교통공사,인천1호선,20,부평시장
01,수도권,인천교통공사,인천1호선,21,부평
01,수도권,인천교통공사,인천1호선,22,동수
01,수도권,인천교통공사,인천1호선,23,부평삼거리
01,수도권,인천교통공사,인천1호선,24,간석오거리
01,수도권,인천교통공사,인천1호선,25,인천시청
01,수도권,인천교통공사,인천1호선,26,예술회관
01,수도권,인천교통공사,인천1호선,27,인천터미널
01,수도권,인천교통공사,인천1호선,28,문학경기장
01,수도권,인천교통공사,인천1호선,29,선학
01,수도권,인천교통공사,인천1호선,30,신연수
01,수도권,인천교통공사,인천1호선,31,원인재
01,수도권,인천교통공사,인천1호선,32,동춘
01,수도권,인천교통공사,인천1호선,33,동막
01,수도권,인천교통공사,인천1호선,34,캠퍼스타운
01,수도권,인천교통공사,인천1호선,35,테크노파크
01,수도권,인천교통공사,인천1호선,36,지식정보단지
01,수도권,인천교통공사,인천1호선,37,인천대입구
01,수도권,인천교통공사,인천1호선,38,센트럴파크
01,수도권,인천교통공사,인천1호선,39,국제업무지구
01,수도권,인천교통공사,인천1호선,40,송도달빛축제공원
01,수도권,인천교통공사,인천2호선,1,검단오류
01,수도권,인천교통공사,인천2호선,2,왕길
01,수도권,인천교통공사,인천2호선,3,검단사거리
01,수도권,인천교통공사,인천2호선,4,마전
01,수도권,인천교통공사,인천2호선,5,완정
01,수도권,인천교통공사,인천2호선,6,독정
01,수도권,인천교통공사,인천2호선,7,검암
01,수도권,인천교통공사,인천2호선,8,검바위
01,수도권,인천교통공사,인천2호선,9,아시아드경기장
01,수도권,인천교통공사,인천2호선,10,서구청
01,수도권,인천교통공사,인천2호선,11,가정
01,수도권,인천교통공사,인천2호선,12,가정중앙시장
01,수도권,인천교통공사,인천2호선,13,석남
01,수도권,인천교통공사,인천2호선,14,서부여성회관
01,수도권,인천교통공사,인천2호선,15,인천가좌
01,수도권,인천교통공사,인천2호선,16,가재울
01,수도권,인천교통공사,인천2호선,17,주안국가산단
01,수도권,인천교통공사,인천2호선,18,주안
01,수도권,인천교통공사,인천2호선,19,시민공원
01,수도권,인천교통공사,인천2호선,20,석바위시장
01,수도권,인천교통공사,인천2호선,21,인천시청
01,수도권,인천교통공사,인천2호선,22,석천사거리
01,수도권,인천교통공사,인천2호선,23,모래내시장
01,수도권,인천교통공사,인천2호선,24,만수
01,수도권,인천교통공사,인천2호선,25,남동구청
01,수도권,인천교통공사,인천2호선,26,인천대공원
01,수도권,인천교통공사,인천2호선,27,운연
01,수도권,코레일,1호선,1,연천
01,수도권,코레일,1호선,2,전곡
01,수도권,코레일,1호선,3,청산
01,수도권,코레일,1호선,4,소요산
01,수도권,코레일,1호선,5,동두천
01,수도권,코레일,1호선,6,보산
01,수도권,코레일,1호선,7,동두천중앙
01,수도권,코레일,1호선,8,지행
01,수도권,코레일,1호선,9,덕정
01,수도권,코레일,1호선,10,덕계
01,수도권,코레일,1호선,11,양주
01,수도권,코레일,1호선,12,녹양
01,수도권,코레일,1호선,13,가능
01,수도권,코레일,1호선,14,의정부
01,수도권,코레일,1호선,15,회룡
01,수도권,코레일,1호선,16,망월사
01,수도권,코레일,1호선,17,도봉산
01,수도권,코레일,1호선,18,도봉
01,수도권,코레일,1호선,19,방학
01,수도권,코레일,1호선,20,창동
01,수도권,코레일,1호선,21,녹천
01,수도권,코레일,1호선,22,월계
01,수도권,코레일,1호선,23,광운대
01,수도권,코레일,1호선,24,석계
01,수도권,코레일,1호선,25,신이문
01,수도권,코레일,1호선,26,외대앞
01,수도권,코레일,1호선,27,회기
01,수도권,코레일,1호선,38,남영
01,수도권,코레일,1호선,39,용산
01,수도권,코레일,1호선,40,노량진
01,수도권,코레일,1호선,41,대방
01,수도권,코레일,1호선,42,신길
01,수도권,코레일,1호선,43,영등포
01,수도권,코레일,1호선,44,신도림
01,수도권,코레일,1호선,45,구로
01,수도권,코레일,1호선,46,가산디지털단지
01,수도권,코레일,1호선,46,구일
01,수도권,코레일,1호선,47,개봉
01,수도권,코레일,1호선,47,독산
01,수도권,코레일,1호선,48,금천구청
01,수도권,코레일,1호선,48,오류동
01,수도권,코레일,1호선,49,광명
01,수도권,코레일,1호선,49,석수
01,수도권,코레일,1호선,49,온수
01,수도권,코레일,1호선,50,관악
01,수도권,코레일,1호선,50,역곡
01,수도권,코레일,1호선,51,소사
01,수도권,코레일,1호선,51,안양
01,수도권,코레일,1호선,52,명학
01,수도권,코레일,1호선,52,부천
01,수도권,코레일,1호선,53,금정
01,수도권,코레일,1호선,53,중동
01,수도권,코레일,1호선,54,군포
01,수도권,코레일,1호선,54,송내
01,수도권,코레일,1호선,55,당정
01,수도권,코레일,1호선,55,부개
01,수도권,코레일,1호선,56,부평
01,수도권,코레일,1호선,56,의왕
01,수도권,코레일,1호선,57,백운
01,수도권,코레일,1호선,57,성균관대
01,수도권,코레일,1호선,58,동암
01,수도권,코레일,1호선,58,화서
01,수도권,코레일,1호선,59,간석
01,수도권,코레일,1호선,59,수원
01,수도권,코레일,1호선,60,세류
01,수도권,코레일,1호선,60,주안
01,수도권,코레일,1호선,61,도화
01,수도권,코레일,1호선,61,병점
01,수도권,코레일,1호선,62,서동탄
01,수도권,코레일,1호선,62,세마
01,수도권,코레일,1호선,62,제물포
01,수도권,코레일,1호선,63,도원
01,수도권,코레일,1호선,63,오산대
01,수도권,코레일,1호선,64,동인천
01,수도권,코레일,1호선,64,오산
01,수도권,코레일,1호선,65,인천
01,수도권,코레일,1호선,65,진위
01,수도권,코레일,1호선,66,송탄
01,수도권,코레일,1호선,67,서정리
01,수도권,코레일,1호선,68,평택지제
01,수도권,코레일,1호선,69,평택
01,수도권,코레일,1호선,70,성환
01,수도권,코레일,1호선,71,직산
01,수도권,코레일,1호선,72,두정
01,수도권,코레일,1호선,73,천안
01,수도권,코레일,1호선,74,봉명
01,수도권,코레일,1호선,75,쌍용(나사렛대)
01,수도권,코레일,1호선,76,아산
01,수도권,코레일,1호선,77,탕정
01,수도권,코레일,1호선,78,배방
01,수도권,코레일,1호선,79,온양온천
01,수도권,코레일,1호선,80,신창(순천향대)
01,수도권,코레일,3호선,1,대화
01,수도권,코레일,3호선,2,주엽
01,수도권,코레일,3호선,3,정발산
01,수도권,코레일,3호선,4,마두
01,수도권,코레일,3호선,5,백석
01,수도권,코레일,3호선,6,대곡
01,수도권,코레일,3호선,7,화정
01,수도권,코레일,3호선,8,원당
01,수도권,코레일,3호선,9,원흥
01,수도권,코레일,3호선,10,삼송
01,수도권,코레일,4호선,30,선바위
01,수도권,코레일,4호선,31,경마공원
01,수도권,코레일,4호선,32,대공원
01,수도권,코레일,4호선,33,과천
01,수도권,코레일,4호선,34,정부과천청사
01,수도권,코레일,4호선,35,인덕원
01,수도권,코레일,4호선,36,평촌
01,수도권,코레일,4호선,37,범계
01,수도권,코레일,4호선,38,금정
01,수도권,코레일,4호선,39,산본
01,수도권,코레일,4호선,40,수리산
01,수도권,코레일,4호선,41,대야미
01,수도권,코레일,4호선,42,반월
01,수도권,코레일,4호선,43,상록수
01,수도권,코레일,4호선,44,한대앞
01,수도권,코레일,4호선,45,중앙
01,수도권,코레일,4호선,46,고잔
01,수도권,코레일,4호선,47,초지
01,수도권,코레일,4호선,48,안산
01,수도권,코레일,4호선,49,신길온천
01,수도권,코레일,4호선,50,정왕
01,수도권,코레일,4호선,51,오이도
01,수도권,코레일,수인분당,1,청량리
01,수도권,코레일,수인분당,2,왕십리
01,수도권,코레일,수인분당,3,서울숲
01,수도권,코레일,수인분당,4,압구정로데오
01,수도권,코레일,수인분당,5,강남구청
01,수도권,코레일,수인분당,6,선정릉
01,수도권,코레일,수인분당,7,선릉
01,수도권,코레일,수인분당,8,한티
01,수도권,코레일,수인분당,9,도곡
01,수도권,코레일,수인분당,10,구룡
01,수도권,코레일,수인분당,11,개포동
01,수도권,코레일,수인분당,12,대모산입구
01,수도권,코레일,수인분당,13,수서
01,수도권,코레일,수인분당,14,복정(동서울대학)
01,수도권,코레일,수인분당,15,가천대
01,수도권,코레일,수인분당,16,태평
01,수도권,코레일,수인분당,17,모란
01,수도권,코레일,수인분당,18,야탑
01,수도권,코레일,수인분당,19,이매(성남아트센터)
01,수도권,코레일,수인분당,20,서현
01,수도권,코레일,수인분당,21,수내(한국잡월드)
01,수도권,코레일,수인분당,22,정자
01,수도권,코레일,수인분당,23,미금(분당서울대병원)
01,수도권,코레일,수인분당,24,오리
01,수도권,코레일,수인분당,25,죽전(단국대)
01,수도권,코레일,수인분당,26,보정
01,수도권,코레일,수인분당,27,구성
01,수도권,코레일,수인분당,28,신갈
01,수도권,코레일,수인분당,29,기흥(백남준아트센터)
01,수도권,코레일,수인분당,30,상갈(루터대학교)
01,수도권,코레일,수인분당,31,청명
01,수도권,코레일,수인분당,32,영통(경희대)
01,수도권,코레일,수인분당,33,망포
01,수도권,코레일,수인분당,34,매탄권선
01,수도권,코레일,수인분당,35,수원시청(경기도문화의전당)
01,수도권,코레일,수인분당,36,매교
01,수도권,코레일,수인분당,37,수원
01,수도권,코레일,수인분당,38,고색
01,수도권,코레일,수인분당,39,오목천
01,수도권,코레일,수인분당,40,어천
01,수도권,코레일,수인분당,41,야목
01,수도권,코레일,수인분당,42,사리
01,수도권,코레일,수인분당,43,한대앞
01,수도권,코레일,수인분당,44,중앙
01,수도권,코레일,수인분당,45,고잔
01,수도권,코레일,수인분당,46,초지
01,수도권,코레일,수인분당,47,안산
01,수도권,코레일,수인분당,48,신길온천
01,수도권,코레일,수인분당,49,정왕
01,수도권,코레일,수인분당,50,오이도
01,수도권,코레일,수인분당,51,달월
01,수도권,코레일,수인분당,52,월곶
01,수도권,코레일,수인분당,53,소래포구
01,수도권,코레일,수인분당,54,인천논현
01,수도권,코레일,수인분당,55,호구포
01,수도권,코레일,수인분당,56,남동인더스파크
01,수도권,코레일,수인분당,57,원인재
01,수도권,코레일,수인분당,58,연수
01,수도권,코레일,수인분당,59,송도
01,수도권,코레일,수인분당,60,인하대
01,수도권,코레일,수인분당,61,숭의(인하대병원)
01,수도권,코레일,수인분당,62,신포
01,수도권,코레일,수인분당,63,인천
01,수도권,코레일,경춘,1,청량리
01,수도권,코레일,경춘,2,회기
01,수도권,코레일,경춘,3,중랑
01,수도권,코레일,경춘,4,상봉
01,수도권,코레일,경춘,5,광운대
01,수도권,코레일,경춘,5,망우
01,수도권,코레일,경춘,6,신내
01,수도권,코레일,경춘,7,갈매
01,수도권,코레일,경춘,8,별내(삼육대학교)
01,수도권,코레일,경춘,9,퇴계원
01,수도권,코레일,경춘,10,사릉
01,수도권,코레일,경춘,11,금곡
01,수도권,코레일,경춘,12,평내호평
01,수도권,코레일,경춘,13,천마산
01,수도권,코레일,경춘,14,마석
01,수도권,코레일,경춘,15,대성리
01,수도권,코레일,경춘,16,청평
01,수도권,코레일,경춘,17,상천(호명호수)
01,수도권,코레일,경춘,18,가평(자라섬.남이섬)
01,수도권,코레일,경춘,19,굴봉산(제이드가든)
01,수도권,코레일,경춘,20,백양리(엘리시안강촌)
01,수도권,코레일,경춘,21,강촌
01,수도권,코레일,경춘,22,김유정
01,수도권,코레일,경춘,23,남춘천(강원대)
01,수도권,코레일,경춘,24,춘천(한림대)
01,수도권,코레일,경의중앙,1,도라산
01,수도권,코레일,경의중앙,2,임진강
01,수도권,코레일,경의중앙,3,운천
01,수도권,코레일,경의중앙,4,문산
01,수도권,코레일,경의중앙,5,파주(두원대학)
01,수도권,코레일,경의중앙,6,월롱(서영대학교)
01,수도권,코레일,경의중앙,7,금촌
01,수도권,코레일,경의중앙,8,금릉
01,수도권,코레일,경의중앙,9,운정
01,수도권,코레일,경의중앙,10,야당
01,수도권,코레일,경의중앙,11,탄현
01,수도권,코레일,경의중앙,12,일산
01,수도권,코레일,경의중앙,13,풍산
01,수도권,코레일,경의중앙,14,백마
01,수도권,코레일,경의중앙,15,곡산
01,수도권,코레일,경의중앙,16,대곡
01,수도권,코레일,경의중앙,17,능곡
01,수도권,코레일,경의중앙,18,행신
01,수도권,코레일,경의중앙,19,강매
01,수도권,코레일,경의중앙,20,한국항공대
01,수도권,코레일,경의중앙,21,수색
01,수도권,코레일,경의중앙,21,신촌
01,수도권,코레일,경의중앙,22,디지털미디어시티
01,수도권,코레일,경의중앙,22,서울역
01,수도권,코레일,경의중앙,23,가좌
01,수도권,코레일,경의중앙,24,홍대입구
01,수도권,코레일,경의중앙,25,서강대
01,수도권,코레일,경의중앙,26,공덕
01,수도권,코레일,경의중앙,27,효창공원앞
01,수도권,코레일,경의중앙,28,용산
01,수도권,코레일,경의중앙,29,이촌
01,수도권,코레일,경의중앙,30,서빙고
01,수도권,코레일,경의중앙,31,한남
01,수도권,코레일,경의중앙,32,옥수
01,수도권,코레일,경의중앙,33,응봉
01,수도권,코레일,경의중앙,34,왕십리
01,수도권,코레일,경의중앙,35,청량리
01,수도권,코레일,경의중앙,36,회기
01,수도권,코레일,경의중앙,37,중랑
01,수도권,코레일,경의중앙,38,상봉
01,수도권,코레일,경의중앙,39,망우
01,수도권,코레일,경의중앙,40,양원(서울시북부병원)
01,수도권,코레일,경의중앙,41,구리
01,수도권,코레일,경의중앙,42,도농
01,수도권,코레일,경의중앙,43,양정
01,수도권,코레일,경의중앙,44,덕소
01,수도권,코레일,경의중앙,45,도심
01,수도권,코레일,경의중앙,46,팔당
01,수도권,코레일,경의중앙,47,운길산
01,수도권,코레일,경의중앙,48,양수
01,수도권,코레일,경의중앙,49,신원
01,수도권,코레일,경의중앙,50,국수
01,수도권,코레일,경의중앙,51,아신(아세아연합신학대)
01,수도권,코레일,경의중앙,52,오빈
01,수도권,코레일,경의중앙,53,양평
01,수도권,코레일,경의중앙,54,원덕(추읍산)
01,수도권,코레일,경의중앙,55,용문
01,수도권,코레일,경의중앙,56,지평
01,수도권,코레일,경강,1,판교(판교테크노밸리)
01,수도권,코레일,경강,2,성남
01,수도권,코레일,경강,3,이매
01,수도권,코레일,경강,4,삼동
01,수도권,코레일,경강,5,경기광주
01,수도권,코레일,경강,6,초월
01,수도권,코레일,경강,7,곤지암
01,수도권,코레일,경강,8,신둔도예촌
01,수도권,코레일,경강,9,이천
01,수도권,코레일,경강,10,부발
01,수도권,코레일,경강,11,세종대왕릉
01,수도권,코레일,경강,12,여주
01,수도권,코레일,서해선,1,일산
01,수도권,코레일,서해선,2,풍산
01,수도권,코레일,서해선,3,백마
01,수도권,코레일,서해선,4,곡산
01,수도권,코레일,서해선,5,대곡
01,수도권,코레일,서해선,6,능곡
01,수도권,코레일,서해선,7,김포공항역
01,수도권,코레일,서해선,9,부천종합운동장역
02,부산,코레일,동해,1,부전
02,부산,코레일,동해,2,거제해맞이
02,부산,코레일,동해,3,거제(법원.검찰청)
02,부산,코레일,동해,4,교대
02,부산,코레일,동해,5,동래
02,부산,코레일,동해,6,안락
02,부산,코레일,동해,7,부산원동
02,부산,코레일,동해,8,재송
02,부산,코레일,동해,9,센텀
02,부산,코레일,동해,10,벡스코
02,부산,코레일,동해,11,신해운대
02,부산,코레일,동해,12,송정
02,부산,코레일,동해,13,오시리아
02,부산,코레일,동해,14,기장
02,부산,코레일,동해,15,일광
02,부산,코레일,동해,16,좌천
02,부산,코레일,동해,17,월내
02,부산,코레일,동해,18,서생
02,부산,코레일,동해,19,남창
02,부산,코레일,동해,20,망양
02,부산,코레일,동해,21,덕하
02,부산,코레일,동해,22,개운포
02,부산,코레일,동해,23,태화강
03,대구,코레일,대경선,1,경산
03,대구,코레일,대경선,2,동대구역
03,대구,코레일,대경선,3,대구역
03,대구,코레일,대경선,4,서대구역
03,대구,코레일,대경선,5,왜관
03,대구,코레일,대경선,6,사곡
03,대구,코레일,대경선,7,구미
01,수도권,남양주도시공사,4호선,1,진접
01,수도권,남양주도시공사,4호선,2,오남
01,수도권,남양주도시공사,4호선,3,별내별가람
01,수도권,남양주도시공사,8호선,1,별내
01,수도권,남양주도시공사,8호선,2,다산
01,수도권,서울교통공사,1호선,28,청량리(서울시립대입구)
01,수도권,서울교통공사,1호선,29,제기동
01,수도권,서울교통공사,1호선,30,신설동
01,수도권,서울교통공사,1호선,31,동묘앞
01,수도권,서울교통공사,1호선,32,동대문
01,수도권,서울교통공사,1호선,33,종로5가
01,수도권,서울교통공사,1호선,34,종로3가
01,수도권,서울교통공사,1호선,35,종각
01,수도권,서울교통공사,1호선,36,시청
01,수도권,서울교통공사,1호선,37,서울역
01,수도권,서울교통공사,2호선,1,시청
01,수도권,서울교통공사,2호선,2,충정로(경기대입구)
01,수도권,서울교통공사,2호선,3,아현
01,수도권,서울교통공사,2호선,4,이대
01,수도권,서울교통공사,2호선,5,신촌
01,수도권,서울교통공사,2호선,6,홍대입구
01,수도권,서울교통공사,2호선,7,합정
01,수도권,서울교통공사,2호선,8,당산
01,수도권,서울교통공사,2호선,9,영등포구청
01,수도권,서울교통공사,2호선,10,문래
01,수도권,서울교통공사,2호선,11,신도림
01,수도권,서울교통공사,2호선,12,대림(구로구청)
01,수도권,서울교통공사,2호선,12,도림천
01,수도권,서울교통공사,2호선,13,구로디지털단지
01,수도권,서울교통공사,2호선,13,양천구청
01,수도권,서울교통공사,2호선,14,신대방
01,수도권,서울교통공사,2호선,14,신정네거리
01,수도권,서울교통공사,2호선,15,까치산
01,수도권,서울교통공사,2호선,15,신림
01,수도권,서울교통공사,2호선,16,봉천
01,수도권,서울교통공사,2호선,17,서울대입구(관악구청)
01,수도권,서울교통공사,2호선,18,낙성대
01,수도권,서울교통공사,2호선,19,사당
01,수도권,서울교통공사,2호선,20,방배
01,수도권,서울교통공사,2호선,21,서초
01,수도권,서울교통공사,2호선,22,교대(법원.검찰청)
01,수도권,서울교통공사,2호선,23,강남
01,수도권,서울교통공사,2호선,24,역삼
01,수도권,서울교통공사,2호선,25,선릉
01,수도권,서울교통공사,2호선,26,삼성(무역센터)
01,수도권,서울교통공사,2호선,27,종합운동장
01,수도권,서울교통공사,2호선,28,잠실새내
01,수도권,서울교통공사,2호선,29,잠실(송파구청)
01,수도권,서울교통공사,2호선,30,잠실나루
01,수도권,서울교통공사,2호선,31,강변(동서울터미널)
01,수도권,서울교통공사,2호선,32,구의(광진구청)
01,수도권,서울교통공사,2호선,33,건대입구
01,수도권,서울교통공사,2호선,34,성수
01,수도권,서울교통공사,2호선,35,뚝섬
01,수도권,서울교통공사,2호선,35,용답
01,수도권,서울교통공사,2호선,36,신답
01,수도권,서울교통공사,2호선,36,한양대
01,수도권,서울교통공사,2호선,37,왕십리
01,수도권,서울교통공사,2호선,37,용두(동대문구청)
01,수도권,서울교통공사,2호선,38,상왕십리
01,수도권,서울교통공사,2호선,38,신설동
01,수도권,서울교통공사,2호선,39,신당
01,수도권,서울교통공사,2호선,40,동대문역사문화공원
01,수도권,서울교통공사,2호선,41,을지로4가
01,수도권,서울교통공사,2호선,42,을지로3가
01,수도권,서울교통공사,2호선,43,을지로입구
01,수도권,서울교통공사,3호선,11,지축
01,수도권,서울교통공사,3호선,12,구파발
01,수도권,서울교통공사,3호선,13,연신내
01,수도권,서울교통공사,3호선,14,불광
01,수도권,서울교통공사,3호선,15,녹번
01,수도권,서울교통공사,3호선,16,홍제
01,수도권,서울교통공사,3호선,17,무악재
01,수도권,서울교통공사,3호선,18,독립문
01,수도권,서울교통공사,3호선,19,경복궁(정부서울청사)
01,수도권,서울교통공사,3호선,20,안국
01,수도권,서울교통공사,3호선,21,종로3가
01,수도권,서울교통공사,3호선,22,을지로3가
01,수도권,서울교통공사,3호선,23,충무로
01,수도권,서울교통공사,3호선,24,동대입구
01,수도권,서울교통공사,3호선,25,약수
01,수도권,서울교통공사,3호선,26,금호
01,수도권,서울교통공사,3호선,27,옥수
01,수도권,서울교통공사,3호선,28,압구정
01,수도권,서울교통공사,3호선,29,신사
01,수도권,서울교통공사,3호선,30,잠원
01,수도권,서울교통공사,3호선,31,고속터미널
01,수도권,서울교통공사,3호선,32,교대(법원.검찰청)
01,수도권,서울교통공사,3호선,33,남부터미널(예술의전당)
01,수도권,서울교통공사,3호선,34,양재(서초구청)
01,수도권,서울교통공사,3호선,35,매봉
01,수도권,서울교통공사,3호선,36,도곡
01,수도권,서울교통공사,3호선,37,대치
01,수도권,서울교통공사,3호선,38,학여울
01,수도권,서울교통공사,3호선,39,대청
01,수도권,서울교통공사,3호선,40,일원
01,수도권,서울교통공사,3호선,41,수서
01,수도권,서울교통공사,3호선,42,가락시장
01,수도권,서울교통공사,3호선,43,경찰병원
01,수도권,서울교통공사,3호선,44,오금
01,수도권,서울교통공사,4호선,4,불암산(당고개)
01,수도권,서울교통공사,4호선,5,상계
01,수도권,서울교통공사,4호선,6,노원
01,수도권,서울교통공사,4호선,7,창동
01,수도권,서울교통공사,4호선,8,쌍문
01,수도권,서울교통공사,4호선,9,수유(강북구청)
01,수도권,서울교통공사,4호선,10,미아
01,수도권,서울교통공사,4호선,11,미아사거리
01,수도권,서울교통공사,4호선,12,길음
01,수도권,서울교통공사,4호선,13,성신여대입구(돈암)
01,수도권,서울교통공사,4호선,14,한성대입구(삼선교)
01,수도권,서울교통공사,4호선,15,혜화
01,수도권,서울교통공사,4호선,16,동대문
01,수도권,서울교통공사,4호선,17,동대문역사문화공원
01,수도권,서울교통공사,4호선,18,충무로
01,수도권,서울교통공사,4호선,19,명동
01,수도권,서울교통공사,4호선,20,회현(남대문시장)
01,수도권,서울교통공사,4호선,21,서울역
01,수도권,서울교통공사,4호선,22,숙대입구(갈월)
01,수도권,서울교통공사,4호선,23,삼각지
01,수도권,서울교통공사,4호선,24,신용산
01,수도권,서울교통공사,4호선,25,이촌(국립중앙박물관)
01,수도권,서울교통공사,4호선,26,동작(현충원)
01,수도권,서울교통공사,4호선,27,총신대입구(이수)
01,수도권,서울교통공사,4호선,28,사당
01,수도권,서울교통공사,4호선,29,남태령
01,수도권,서울교통공사,5호선,1,방화
01,수도권,서울교통공사,5호선,2,개화산
01,수도권,서울교통공사,5호선,3,김포공항
01,수도권,서울교통공사,5호선,4,송정
01,수도권,서울교통공사,5호선,5,마곡
01,수도권,서울교통공사,5호선,6,발산
01,수도권,서울교통공사,5호선,7,우장산
01,수도권,서울교통공사,5호선,8,화곡
01,수도권,서울교통공사,5호선,9,까치산
01,수도권,서울교통공사,5호선,10,신정(은행정)
01,수도권,서울교통공사,5호선,11,목동
01,수도권,서울교통공사,5호선,12,오목교(목동운동장앞)
01,수도권,서울교통공사,5호선,13,양평
01,수도권,서울교통공사,5호선,14,영등포구청
01,수도권,서울교통공사,5호선,15,영등포시장
01,수도권,서울교통공사,5호선,16,신길
01,수도권,서울교통공사,5호선,17,여의도
01,수도권,서울교통공사,5호선,18,여의나루
01,수도권,서울교통공사,5호선,19,마포
01,수도권,서울교통공사,5호선,20,공덕
01,수도권,서울교통공사,5호선,21,애오개
01,수도권,서울교통공사,5호선,22,충정로(경기대입구)
01,수도권,서울교통공사,5호선,23,서대문
01,수도권,서울교통공사,5호선,24,광화문(세종문화회관)
01,수도권,서울교통공사,5호선,25,종로3가(탑골공원)
01,수도권,서울교통공사,5호선,26,을지로4가
01,수도권,서울교통공사,5호선,27,동대문역사문화공원
01,수도권,서울교통공사,5호선,28,청구
01,수도권,서울교통공사,5호선,29,신금호
01,수도권,서울교통공사,5호선,30,행당
01,수도권,서울교통공사,5호선,31,왕십리
01,수도권,서울교통공사,5호선,32,마장
01,수도권,서울교통공사,5호선,33,답십리
01,수도권,서울교통공사,5호선,34,장한평
01,수도권,서울교통공사,5호선,35,군자(능동)
01,수도권,서울교통공사,5호선,36,아차산(어린이대공원후문)
01,수도권,서울교통공사,5호선,37,광나루(장신대)
01,수도권,서울교통공사,5호선,38,천호(풍납토성)
01,수도권,서울교통공사,5호선,39,강동
01,수도권,서울교통공사,5호선,40,길동
01,수도권,서울교통공사,5호선,40,둔촌동
01,수도권,서울교통공사,5호선,41,굽은다리(강동구민회관앞)
01,수도권,서울교통공사,5호선,41,올림픽공원(한국체대)
01,수도권,서울교통공사,5호선,42,명일
01,수도권,서울교통공사,5호선,42,방이
01,수도권,서울교통공사,5호선,43,고덕
01,수도권,서울교통공사,5호선,43,오금
01,수도권,서울교통공사,5호선,44,개롱
01,수도권,서울교통공사,5호선,44,상일동
01,수도권,서울교통공사,5호선,45,강일
01,수도권,서울교통공사,5호선,45,거여
01,수도권,서울교통공사,5호선,46,마천
01,수도권,서울교통공사,5호선,46,미사
01,수도권,서울교통공사,5호선,47,하남풍산
01,수도권,서울교통공사,5호선,49,하남시청(덕풍.신장)
01,수도권,서울교통공사,5호선,50,하남검단산역
01,수도권,서울교통공사,6호선,1,응암
01,수도권,서울교통공사,6호선,2,역촌
01,수도권,서울교통공사,6호선,3,불광
01,수도권,서울교통공사,6호선,4,독바위
01,수도권,서울교통공사,6호선,5,연신내
01,수도권,서울교통공사,6호선,6,구산
01,수도권,서울교통공사,6호선,7,새절(신사)
01,수도권,서울교통공사,6호선,8,증산(명지대앞)
01,수도권,서울교통공사,6호선,9,디지털미디어시티
01,수도권,서울교통공사,6호선,10,월드컵경기장(성산)
01,수도권,서울교통공사,6호선,11,마포구청
01,수도권,서울교통공사,6호선,12,망원
01,수도권,서울교통공사,6호선,13,합정
01,수도권,서울교통공사,6호선,14,상수
01,수도권,서울교통공사,6호선,15,광흥창(서강)
01,수도권,서울교통공사,6호선,16,대흥(서강대앞)
01,수도권,서울교통공사,6호선,17,공덕
01,수도권,서울교통공사,6호선,18,효창공원앞
01,수도권,서울교통공사,6호선,19,삼각지
01,수도권,서울교통공사,6호선,20,녹사평(용산구청)
01,수도권,서울교통공사,6호선,21,이태원
01,수도권,서울교통공사,6호선,22,한강진
01,수도권,서울교통공사,6호선,23,버티고개
01,수도권,서울교통공사,6호선,24,약수
01,수도권,서울교통공사,6호선,25,청구
01,수도권,서울교통공사,6호선,26,신당
01,수도권,서울교통공사,6호선,27,동묘앞
01,수도권,서울교통공사,6호선,28,창신
01,수도권,서울교통공사,6호선,29,보문
01,수도권,서울교통공사,6호선,30,안암(고대병원앞)
01,수도권,서울교통공사,6호선,31,고려대(종암)
01,수도권,서울교통공사,6호선,32,월곡(동덕여대)
01,수도권,서울교통공사,6호선,33,상월곡(한국과학기술연구원)
01,수도권,서울교통공사,6호선,34,돌곶이
01,수도권,서울교통공사,6호선,35,석계
01,수도권,서울교통공사,6호선,36,태릉입구
01,수도권,서울교통공사,6호선,37,화랑대(서울여대입구)
01,수도권,서울교통공사,6호선,38,봉화산(서울의료원)
01,수도권,서울교통공사,6호선,39,신내
01,수도권,서울교통공사,7호선,1,장암
01,수도권,서울교통공사,7호선,2,도봉산
01,수도권,서울교통공사,7호선,3,수락산
01,수도권,서울교통공사,7호선,4,마들
01,수도권,서울교통공사,7호선,5,노원
01,수도권,서울교통공사,7호선,6,중계
01,수도권,서울교통공사,7호선,7,하계
01,수도권,서울교통공사,7호선,8,공릉(서울과학기술대)
01,수도권,서울교통공사,7호선,9,태릉입구
01,수도권,서울교통공사,7호선,10,먹골
01,수도권,서울교통공사,7호선,11,중화
01,수도권,서울교통공사,7호선,12,상봉(시외버스터미널)
01,수도권,서울교통공사,7호선,13,면목
01,수도권,서울교통공사,7호선,14,사가정
01,수도권,서울교통공사,7호선,15,용마산
01,수도권,서울교통공사,7호선,16,중곡
01,수도권,서울교통공사,7호선,17,군자(능동)
01,수도권,서울교통공사,7호선,18,어린이대공원(세종대)
01,수도권,서울교통공사,7호선,19,건대입구
01,수도권,서울교통공사,7호선,20,자양(뚝섬한강공원)
01,수도권,서울교통공사,7호선,21,청담
01,수도권,서울교통공사,7호선,22,강남구청
01,수도권,서울교통공사,7호선,23,학동
01,수도권,서울교통공사,7호선,24,논현
01,수도권,서울교통공사,7호선,25,반포
01,수도권,서울교통공사,7호선,26,고속터미널
01,수도권,서울교통공사,7호선,27,내방
01,수도권,서울교통공사,7호선,28,총신대입구(이수)
01,수도권,서울교통공사,7호선,29,남성
01,수도권,서울교통공사,7호선,30,숭실대입구(살피재)
01,수도권,서울교통공사,7호선,31,상도
01,수도권,서울교통공사,7호선,32,장승배기
01,수도권,서울교통공사,7호선,33,신대방삼거리
01,수도권,서울교통공사,7호선,34,보라매
01,수도권,서울교통공사,7호선,35,신풍
01,수도권,서울교통공사,7호선,36,대림(구로구청)
01,수도권,서울교통공사,7호선,37,남구로
01,수도권,서울교통공사,7호선,38,가산디지털단지
01,수도권,서울교통공사,7호선,39,철산
01,수도권,서울교통공사,7호선,40,광명사거리
01,수도권,서울교통공사,7호선,41,천왕
01,수도권,서울교통공사,7호선,42,온수(성공회대입구)
01,수도권,서울교통공사,8호선,6,암사역사공원
01,수도권,서울교통공사,8호선,7,암사
01,수도권,서울교통공사,8호선,8,천호(풍납토성)
01,수도권,서울교통공사,8호선,9,강동구청
01,수도권,서울교통공사,8호선,10,몽촌토성(평화의문)
01,수도권,서울교통공사,8호선,11,잠실(송파구청)
01,수도권,서울교통공사,8호선,12,석촌
01,수도권,서울교통공사,8호선,13,송파
01,수도권,서울교통공사,8호선,14,가락시장
01,수도권,서울교통공사,8호선,15,문정
01,수도권,서울교통공사,8호선,16,장지
01,수도권,서울교통공사,8호선,17,복정
01,수도권,서울교통공사,8호선,18,남위례
01,수도권,서울교통공사,8호선,19,산성
01,수도권,서울교통공사,8호선,20,남한산성입구(성남법원.검찰청)
01,수도권,서울교통공사,8호선,21,단대오거리
01,수도권,서울교통공사,8호선,22,신흥
01,수도권,서울교통공사,8호선,23,수진
01,수도권,서울교통공사,8호선,24,모란
01,수도권,서울시메트로9호선주식회사,9호선,1,개화
01,수도권,서울시메트로9호선주식회사,9호선,2,김포공항
01,수도권,서울시메트로9호선주식회사,9호선,3,공항시장
01,수도권,서울시메트로9호선주식회사,9호선,4,신방화
01,수도권,서울시메트로9호선주식회사,9호선,5,마곡나루
01,수도권,서울시메트로9호선주식회사,9호선,6,양천향교
01,수도권,서울시메트로9호선주식회사,9호선,7,가양
01,수도권,서울시메트로9호선주식회사,9호선,8,증미
01,수도권,서울시메트로9호선주식회사,9호선,9,등촌
01,수도권,서울시메트로9호선주식회사,9호선,10,염창
01,수도권,서울시메트로9호선주식회사,9호선,11,신목동
01,수도권,서울시메트로9호선주식회사,9호선,12,선유도
01,수도권,서울시메트로9호선주식회사,9호선,13,당산
01,수도권,서울시메트로9호선주식회사,9호선,14,국회의사당
01,수도권,서울시메트로9호선주식회사,9호선,15,여의도
01,수도권,서울시메트로9호선주식회사,9호선,16,샛강
01,수도권,서울시메트로9호선주식회사,9호선,17,노량진
01,수도권,서울시메트로9호선주식회사,9호선,18,노들
01,수도권,서울시메트로9호선주식회사,9호선,19,흑석(중앙대입구)
01,수도권,서울시메트로9호선주식회사,9호선,20,동작(현충원)
01,수도권,서울시메트로9호선주식회사,9호선,21,구반포
01,수도권,서울시메트로9호선주식회사,9호선,22,신반포
01,수도권,서울시메트로9호선주식회사,9호선,23,고속터미널
01,수도권,서울시메트로9호선주식회사,9호선,24,사평
01,수도권,서울시메트로9호선주식회사,9호선,25,신논현
01,수도권,서울시메트로9호선주식회사,9호선,26,언주
01,수도권,서울시메트로9호선주식회사,9호선,27,선정릉
01,수도권,서울시메트로9호선주식회사,9호선,28,삼성중앙
01,수도권,서울시메트로9호선주식회사,9호선,29,봉은사
01,수도권,서울시메트로9호선주식회사,9호선,30,종합운동장
01,수도권,서울시메트로9호선주식회사,9호선,31,삼전
01,수도권,서울시메트로9호선주식회사,9호선,32,석촌고분
01,수도권,서울시메트로9호선주식회사,9호선,33,석촌
01,수도권,서울시메트로9호선주식회사,9호선,34,송파나루
01,수도권,서울시메트로9호선주식회사,9호선,35,한성백제
01,수도권,서울시메트로9호선주식회사,9호선,36,올림픽공원(한국체대)
01,수도권,서울시메트로9호선주식회사,9호선,37,둔촌오륜
01,수도권,서울시메트로9호선주식회사,9호선,38,중앙보훈병원
01,수도권,남서울경전철주식회사,신림선,1,샛강
01,수도권,남서울경전철주식회사,신림선,2,대방
01,수도권,남서울경전철주식회사,신림선,3,서울지방병무청
01,수도권,남서울경전철주식회사,신림선,4,보라매
01,수도권,남서울경전철주식회사,신림선,5,보라매공원
01,수도권,남서울경전철주식회사,신림선,6,보라매병원
01,수도권,남서울경전철주식회사,신림선,7,당곡
01,수도권,남서울경전철주식회사,신림선,8,신림
01,수도권,남서울경전철주식회사,신림선,9,서원
01,수도권,남서울경전철주식회사,신림선,10,서울대벤처타운
01,수도권,남서울경전철주식회사,신림선,11,관악산(서울대)
01,수도권,주식회사 SR,GTX-A,4,동탄
01,수도권,서해철도주식회사,서해선,10,소사
01,수도권,서해철도주식회사,서해선,11,소새울
01,수도권,서해철도주식회사,서해선,12,시흥대야
01,수도권,서해철도주식회사,서해선,13,신천
01,수도권,서해철도주식회사,서해선,14,신현
01,수도권,서해철도주식회사,서해선,15,시흥시청
01,수도권,서해철도주식회사,서해선,16,시흥능곡
01,수도권,서해철도주식회사,서해선,17,달미
01,수도권,서해철도주식회사,서해선,18,선부
01,수도권,서해철도주식회사,서해선,19,초지
01,수도권,서해철도주식회사,서해선,20,시우
01,수도권,서해철도주식회사,서해선,21,원시
01,수도권,우이신설경전철주식회사,우이신설,1,북한산우이
01,수도권,우이신설경전철주식회사,우이신설,2,솔밭공원
01,수도권,우이신설경전철주식회사,우이신설,3,4.19민주묘지
01,수도권,우이신설경전철주식회사,우이신설,4,가오리
01,수도권,우이신설경전철주식회사,우이신설,5,화계
01,수도권,우이신설경전철주식회사,우이신설,6,삼양
01,수도권,우이신설경전철주식회사,우이신설,7,삼양사거리
01,수도권,우이신설경전철주식회사,우이신설,8,솔샘
01,수도권,우이신설경전철주식회사,우이신설,9,북한산보국문
01,수도권,우이신설경전철주식회사,우이신설,10,정릉
01,수도권,우이신설경전철주식회사,우이신설,11,성신여대입구
01,수도권,우이신설경전철주식회사,우이신설,12,보문
01,수도권,우이신설경전철주식회사,우이신설,13,신설동
01,수도권,의정부경량전철주식회사,의정부,1,발곡
01,수도권,의정부경량전철주식회사,의정부,2,회룡
01,수도권,의정부경량전철주식회사,의정부,3,범골
01,수도권,의정부경량전철주식회사,의정부,4,경전철의정부
01,수도권,의정부경량전철주식회사,의정부,5,의정부시청
01,수도권,의정부경량전철주식회사,의정부,6,흥선
01,수도권,의정부경량전철주식회사,의정부,7,의정부중앙
01,수도권,의정부경량전철주식회사,의정부,8,동오
01,수도권,의정부경량전철주식회사,의정부,9,새말
01,수도권,의정부경량전철주식회사,의정부,10,경기도청북부청사
01,수도권,의정부경량전철주식회사,의정부,11,효자
01,수도권,의정부경량전철주식회사,의정부,12,곤제
01,수도권,의정부경량전철주식회사,의정부,13,어룡(용현산업단지)
01,수도권,의정부경량전철주식회사,의정부,14,송산
01,수도권,의정부경량전철주식회사,의정부,15,탑석
